Word,Count
*,2677
,1841
the,1016
of,370
window,366
The,328
to,305
is,302
function,278
This,245
or,241
be,214
------------------------,204
in,201
-------------------------,197
--------------------------,181
-----------------------,181
@par,160
GLFW,158
called,156
@param[in],152
specified,151
for,149
**,147
a,144
@brief,143
may,140
not,139
@sa,138
callback,137
@ref,135
and,135
----------------------,132
@ingroup,129
from,128
thread,111
Added,109
set,108
---------------------------,97
Safety,94
Thread,94
monitor,93
this,91
`NULL`,89
that,85
if,85
input,82
only,79
@since,79
---------------------,77
it,72
--------------------,68
-------------------,66
main,66
are,66
an,64
If,64
----------------------------,64
cursor,62
context,59
@return,57
OR,57
any,55
library,55
3.0,54
was,52
will,51
by,48
screen,48
with,47
you,46
all,45
OF,44
key,44
current,44
on,43
THE,43
error,41
Returns,40
------------------,40
signature,40
=,39
OpenGL,39
occurred,38
client,38
when,38
value,37
returns,37
\callback,\,37
been,36
-----------------------------,36
whose,34
\window,\,34
mode,33
functions,33
new,33
must,33
no,32
as,31
sets,31
use,30
error_handling),30
Sets,30
area,29
[error](@ref,29
IN,29
event,29
which,28
\coordinates,\,28
used,28
size,28
array,25
before,25
version,25
without,25
callbacks,24
more,24
position,24
@remarks,24
store,23
A,23
software,23
mouse,23
one,23
Where,23
@param[out],23
button,23
previously,22
events,22
ANY,22
************************************************************************,22
returned,22
joystick,21
Copyright,21
has,21
does,21
character,20
API,20
synchronized,20
For,20
currently,20
Access,20
1.0,20
until,20
query,20
zero,19
full,19
handle,19
can,19
arguments,19
should,18
had,18
keys,18
desired,18
native,18
----------------,18
string,18
3:__,17
following,17
cbfun,17
FOR,17
GLEW_MX,17
time,17
__GLFW,17
AND,17
encoded,17
free,17
see,17
documentation,17
remove,17
ramp,16
It,16
intro_init),16
close,16
gamma,16
[initialized](@ref,16
but,16
framebuffer,16
do,16
after,16
Unicode,15
ES,15
History,15
video,15
parameter,15
3.1,15
corner,15
You,15
name,15
Pointer,14
Lifetime,14
upper-left,14
(C),14
valid,14
call,14
calling,14
focus,14
these,14
-,14
number,14
held,13
shape,13
terminated,13
your,13
system,13
UTF-8,12
One,12
allocated,12
------------------------------,12
@defgroup,12
Replaces,12
down,12
and/or,12
resize,12
extension,12
have,12
notice,12
pressed,12
pointer,12
above,11
\size,\,11
specific,11
using,11
available,11
LIMITED,11
copyright,11
associated,11
how,11
provided,11
NOT,11
swap,11
at,11
\LIABILITY,\,11
init,11
its,11
\pixels,\,11
float,11
/,11
source,11
TODO:,11
\monitor,\,11
BUT,11
bit,11
needs,10
then,10
example,10
edge,10
Any,10
creation,10
OTHER,10
already,10
whether,10
freed,10
application,10
copies,10
created,10
`GLFW_PRESS`,10
On,10
relative,10
requested,10
yourself,10
released,10
},9
including,9
other,9
\position,\,9
SOFTWARE,9
callback](@ref,9
visible,9
\area,\,9
their,9
`GL_TRUE`,9
configuration,9
values,9
clipboard,9
COPYRIGHT,9
binary,9
return,9
Analysis,9
MATERIALS,9
state,9
supported,9
contents,9
conditions,9
Materials,9
user,9
\"\AS\,8
support,8
Reentrancy,8
restored,8
describing,8
USE,8
\height,\,8
BE,8
PURPOSE,8
An,8
SHALL,8
DAMAGES,8
during,8
need,8
WARRANTIES,8
image,8
TORT,8
PARTICULAR,8
ARISING,8
FITNESS,8
const,8
like,8
\CONTRACT,\,8
channel,8
`GL_FALSE`,8
permission,8
even,8
EVENT,8
resolution,8
width,8
@},8
processing,8
cause,8
NO,8
non-`NULL`,8
@{,8
LIABLE,8
rights,8
again,8
timer,8
defined,8
scroll,8
physical,8
PROVIDED,8
title,8
---------------,8
keyboard,8
\information,\,8
\width,\,8
EXPRESS,8
each,8
received,8
WHETHER,8
OUT,8
subject,7
[window,7
TODO,7
copy,7
(the,7
DLL,7
retrieves,7
modifiers,7
deal,7
interval,7
what,7
refresh,7
Permission,7
glfwInit,7
xpos,7
OS,7
buttons,7
ypos,7
TO,7
files,7
Windows,7
such,7
\occurs,\,7
height,7
some,7
driver,7
(c),7
information,7
arrow,7
See,7
instead,7
than,7
object,7
windows,7
code,7
were,7
`GLFW_RELEASE`,7
flag,7
icon,7
frame,7
generated,7
text,6
headers,6
count,6
menu,6
destroyed,6
Opaque,6
glfwTerminate,6
connected,6
resources,6
\TO,\,6
\x-coordinate,\,6
Redistributions,6
Some,6
file,6
IMPLIED,6
virtual,6
synthetic,6
because,6
org>,6
X,6
HOLDERS,6
THIS,6
list,6
buffers,6
\windows,\,6
CONTRIBUTORS,6
platform-specific,6
want,6
original,6
ARE,6
included,6
\y-coordinate,\,6
first,6
\keys,\,6
#include,6
initialization,6
\2002-2008,\,6
left,6
\so,\,6
required,6
\focus,\,6
make,6
[key,6
Software,6
Retrieves,6
Updated,6
layout,6
present,6
either,6
disclaimer,6
\notice,\,6
void,5
\sublicense,\,5
limits,5
\MERCHANTABILITY,\,5
__OS,5
\text,\,5
__X11:__,5
permit,5
shall,5
whom,5
IS,5
machine,5
reported,5
person,5
\merge,\,5
bar,5
compile-time,5
__Windows:__,5
distribution,5
\cursor,\,5
iconified,5
\`GLFW_CURSOR`,\,5
limitation,5
graphics,5
APIENTRY,5
-------------------------------------------------------------------------,5
WITHOUT,5
building,5
obtaining,5
\publish,\,5
\distribute,\,5
hereby,5
them,5
DEALINGS,5
persons,5
\KIND,\,5
All,5
GLU,5
\FROM,\,5
\disconnected,\,5
\copy,\,5
static,5
\OTHERWISE,\,5
\restriction,\,5
\modify,\,5
invalid,5
know,5
CONNECTION,5
\IS"\,\,5
immediately,5
\CLAIM,\,5
INCLUDING,5
`GLFW_STICKY_MOUSE_BUTTONS`,5
Library,5
data,5
\IMPLIED,\,5
guaranteed,5
emitted,5
device,5
WARRANTY,5
reference,5
\charge,\,5
furnished,5
nothing,5
requirements,5
cannot,5
\use,\,5
codes,5
substantial,5
NONINFRINGEMENT,5
X:__,5
`GLFW_STICKY_KEYS`,5
conditions:,5
WITH,5
match,5
those,5
\platforms,\,5
scrolling,5
\granted,\,5
portions,5
display,5
ACTION,5
handling,5
drop,5
window's,5
AN,5
create,5
i.e,5
change,5
sell,5
mods,4
m_Buffer->color,4
where,4
allow,4
regular,4
minor,4
resized,4
disconnected,4
order,4
characters,4
modes,4
[joystick](@ref,4
joy,4
types,4
US,4
scancode,4
\context,\,4
\GLFW,\,4
written,4
wish,4
*m_TransformationBack,4
applications,4
m_Buffer++;,4
Application,4
being,4
makes,4
top,4
joysticks),4
We,4
release,4
x,4
primary,4
we,4
Runs,4
systems,4
input](@ref,4
i,4
Log,4
ts;,4
bug,4
queue,4
\creation,\,4
m_Buffer->tid,4
\called,\,4
cursor_object,4
macros,4
\value,\,4
mods),4
extensions,4
windowed,4
depth,4
standard,4
once,4
custom,4
intended,4
\enabled,\,4
greater,4
m_Buffer->uv,4
color;,4
platforms,4
named,4
monitors,4
unless,4
[modifier,4
last,4
option,4
programmer,4
scale.x;,4
due,4
As,4
sticky,4
Creates,4
minimum,4
+,4
keys),4
-----------------,4
single,4
window_size,4
address,4
next,4
m_Buffer->vertex,4
materials,4
0);,4
put,4
share,4
retain,4
about,4
\frame,\,4
related,4
hints,4
hint,4
names,4
pixel,3
work,3
Bit,3
disabled,3
least,3
reserved,3
Before,3
\SPECIAL,\,3
always,3
\forms,\,3
changes,3
monitor's,3
also,3
products,3
override,3
monitor_gamma,3
\DIRECT,\,3
modifier,3
unsigned,3
along,3
\millimetres,\,3
so,3
declared,3
OTHERWISE),3
header,3
DISCLAIMED,3
definition,3
window_pos,3
GOODS,3
ikits[]ieee,3
access,3
OWNER,3
Marcelo,3
doing,3
Group,3
BY,3
prior,3
MERCHANTABILITY,3
copied,3
strings,3
\pressed,\,3
glfwSwapBuffers,3
positive,3
\mode,\,3
Wrangler,3
Once,3
repeated,3
PROCUREMENT,3
\UTF-8,\,3
BUSINESS,3
Extension,3
Because,3
glfwGetWindowSize,3
STRICT,3
INTERRUPTION),3
ADVISED,3
keys](@ref,3
permitted,3
description,3
CAUSED,3
\INCIDENTAL,\,3
hotspot,3
\function,\,3
via,3
field,3
\SOFTWARE,\,3
setting,3
`GLFW_CURSOR_DISABLED`,3
<,3
[mouse,3
\2008-2015,\,3
response,3
2.5,3
ts,3
initial,3
\zero,\,3
Nigel,3
NEGLIGENCE,3
directly,3
GLFW_NO_CURRENT_CONTEXT,3
returning,3
right,3
\set,\,3
(for,3
int,3
\WARRANTIES,\,3
destroys,3
define,3
__Do,3
default,3
dynamic,3
Window,3
shared,3
EVEN,3
Khronos,3
author,3
describes,3
Redistribution,3
monitor_properties,3
std::string&,3
coordinate,3
\DATA,\,3
could,3
sizes,3
<milan,3
Ikits,3
\Materials,\,3
incremented,3
\USE,\,3
cursor_pos,3
SERVICES;,3
Povalahev,3
\clipboard,\,3
\(INCLUDING,\,3
promote,3
major,3
provides,3
GL_ARB_debug_output,3
etc.),3
HOWEVER,3
2007,3
PROFITS;,3
lost,3
reproduce,3
AUTHORS,3
<mmagallo[]debian,3
SUBSTITUTE,3
<nigels[]users,3
updates,3
glfwWaitEvents,3
E,3
revision,3
\INDIRECT,\,3
monitor_monitors,3
Mesa,3
hides,3
\IS"\\,3
form,3
\EXEMPLARY,\,3
ones,3
\modification,\,3
useful,3
\INCLUDING,\,3
format,3
(e.g,3
would,3
ASCII,3
To,3
occurs,3
`None`,3
generate,3
product,3
remaining,3
THEORY,3
another,3
platform,3
hidden,3
ON,3
Stewart,3
application's,3
Lev,3
back,3
versions,3
Milan,3
DAMAGE,3
most,3
SUCH,3
+=,3
loses,3
Font&,3
type,3
[character,3
IF,3
map,3
[standard,3
Magallon,3
action,3
calls,3
include,3
locale,3
net>,3
\"\Materials"\),\,3
recommended,3
very,3
POSSIBILITY,3
Inc,3
moved,3
\number,\,3
WAY,3
chosen,3
offset,3
querying,3
Calling,3
derived,3
endorse,3
CONSEQUENTIAL,3
GLEW_STATIC,3
\2002,\,3
sourceforge,3
found,3
retrieve,3
saved,3
\font,\,3
exactly,3
glfwCreateCursor,3
LOSS,3
window_iconify,3
(INCLUDING,3
fact,3
window_close,3
ensure,3
met:,3
per,3
GL_ARB_texture_buffer_range,2
GL_IBM_vertex_array_lists,2
WGL_ARB_buffer_region,2
GL_AMD_debug_output,2
color),2
GL_ATI_envmap_bumpmap,2
finite,2
GL_VERSION_4_2,2
GLX_SGIX_swap_barrier,2
synchronization,2
GL_EXT_422_pixels,2
GLX_NV_swap_group,2
In,2
changed,2
supports,2
GL_NV_texture_barrier,2
Makes,2
GLX_NV_video_out,2
1:1,2
GL_ARB_framebuffer_sRGB,2
GLX_INTEL_swap_event,2
GL_ARB_viewport_array,2
alter,2
restrictions:,2
GL_NV_register_combiners,2
GL_AMD_shader_trinary_minmax,2
GL_ARB_draw_indirect,2
GL_ARB_draw_buffers,2
GL_SGIX_texture_coordinate_clamp,2
\'as-is',\,2
GL_ANGLE_framebuffer_blit,2
GL_IBM_cull_vertex,2
camera,2
GL_SGIS_texture_lod,2
GL_NV_explicit_multisample,2
GL_NV_pixel_data_range,2
GL_ARB_shading_language_packing,2
converted,2
GL_APPLE_pixel_buffer,2
`nil`,2
liable,2
GL_ARB_fragment_program,2
WGL_EXT_create_context_es2_profile,2
GL_NV_vertex_array_range2,2
ptrdiff_t,2
GL_ARB_transform_feedback_overflow_query,2
GL_EXT_framebuffer_multisample,2
GL_ARB_multitexture,2
GL_ATI_meminfo,2
GL_EXT_texture_mirror_clamp,2
Geelnard,2
vary,2
GL_ARB_uniform_buffer_object,2
GL_ARB_draw_buffers_blend,2
second,2
GL_ARB_gpu_shader5,2
having,2
GL_EXT_index_texture,2
produce,2
GL_EXT_timer_query,2
exponent,2
GL_NV_tessellation_program5,2
GL_NV_texgen_emboss,2
GL_ARB_texture_compression,2
plainly,2
GL_AMD_seamless_cubemap_per_texture,2
\OpenGL,\,2
Paul,2
www.glfw.org,2
GL_SUN_read_video_pixels,2
GLX_NV_multisample_coverage,2
GL_ATIX_texture_env_route,2
GL_EXT_coordinate_frame,2
GL_ARB_explicit_attrib_location,2
\y1,\,2
GL_EXT_sparse_texture2,2
WGL_ARB_pbuffer,2
`HGLRC`,2
GL_EXT_texture_object,2
arising,2
GL_SUN_triangle_list,2
GL_NV_multisample_coverage,2
GLX_SGI_swap_control,2
up,2
COPY,2
regardless,2
WGL_EXT_create_context_es_profile,2
GL_AMD_name_gen_delete,2
WGL_I3D_swap_frame_lock,2
GL_INTEL_texture_scissor,2
Win32,2
GL_EXT_texture_lod_bias,2
fails,2
content,2
GL_NV_fragment_coverage_to_color,2
cursors,2
successfully,2
GL_NV_register_combiners2,2
GL_ARB_transform_feedback3,2
GL_ARB_pixel_buffer_object,2
Rights,2
GL_EXT_index_func,2
window_fbsize,2
GL_NV_vertex_program2_option,2
buttons),2
GLX_SGIS_shared_multisample,2
\maths::vec2(u1,\,2
Processing,2
GL_SGIS_texture_filter4,2
GL_ARB_sparse_buffer,2
GLX_ARB_framebuffer_sRGB,2
BRIAN,2
WGL_I3D_gamma,2
GL_NV_texture_compression_vtc,2
GL_ATI_draw_buffers,2
GL_ARB_provoking_vertex,2
GL_EXT_blend_logic_op,2
GL_ANGLE_pack_reverse_row_order,2
GL_ARB_shader_precision,2
GL_ARB_ES3_compatibility,2
GL_NV_shader_atomic_int64,2
usually,2
GLX_SGIS_color_range,2
GL_VERSION_4_5,2
GL_VERSION_2_1,2
GL_EXT_texture_rectangle,2
GLX_NV_video_capture,2
GLX_EXT_scene_marker,2
dropped,2
GL_EXT_texture_compression_rgtc,2
between,2
GL_ANGLE_translated_shader_source,2
WGL_AMD_gpu_association,2
GL_EXT_draw_instanced,2
GL_ARB_window_pos,2
GL_EXT_framebuffer_blit,2
GL_ARB_texture_compression_bptc,2
GL_NV_primitive_restart,2
GLX_VERSION_1_0,2
GL_ARB_tessellation_shader,2
declare,2
GL_ANGLE_texture_compression_dxt3,2
window_hints,2
GL_ARB_half_float_pixel,2
GL_ARB_get_texture_sub_image,2
GL_NV_geometry_program4,2
user-defined,2
failed,2
GL_SGIX_fog_offset,2
GL_APPLE_element_array,2
operating,2
GL_EXT_texture_shared_exponent,2
2002-2006,2
GL_ARB_query_buffer_object,2
normally,2
GL_AMD_pinned_memory,2
GLX_SGI_make_current_read,2
GL_AMD_occlusion_query_event,2
`EGLContext`,2
GL_ARB_texture_storage_multisample,2
GL_SGIX_async_pixel,2
initialized,2
GL_ARB_texture_gather,2
GL_ATI_texture_compression_3dc,2
Gamma,2
GL_NV_depth_clamp,2
GL_IBM_texture_mirrored_repeat,2
\"\Graphics/label.h"\\,2
GL_EXT_debug_marker,2
GL_SGIX_texture_multi_buffer,2
hints](@ref,2
GL_NV_bindless_multi_draw_indirect_count,2
Reserved,2
GL_SGIS_detail_texture,2
GL_ARB_shading_language_420pack,2
WGL_NV_float_buffer,2
portable,2
crosshair,2
GL_REGAL_ES1_1_compatibility,2
GL_EXT_separate_specular_color,2
input_key),2
GL_AMD_stencil_operation_extended,2
GL_EXT_color_subtable,2
Event,2
window_hints),2
GL_MESA_ycbcr_texture,2
WGL_NV_video_output,2
memory,2
x-coordinate,2
GL_SGIX_reference_plane,2
offending,2
Alt,2
GL_NV_texture_rectangle,2
GLX_SGI_video_sync,2
GL_NV_texture_expand_normal,2
GL_EXT_stencil_wrap,2
GL_SGIX_pixel_texture,2
\platform,\,2
acknowledgment,2
GL_ARB_texture_buffer_object_rgb32,2
GL_ARB_vertex_array_bgra,2
option](@ref,2
GL_EXT_packed_depth_stencil,2
GL_SGIS_texture_edge_clamp,2
GL_AMD_multi_draw_indirect,2
GLX_ARB_get_proc_address,2
WGL_ARB_multisample,2
GL_EXT_fog_coord,2
GL_SUNX_constant_data,2
GL_EXT_texture_env_add,2
WGL_ARB_context_flush_control,2
[issue,2
GL_EXT_texture_env_dot3,2
GL_SGIS_texture4D,2
GL_ARB_vertex_array_object,2
initially,2
SPECIFIC,2
GL_SGIX_ir_instrument1,2
claim,2
GL_AMD_shader_atomic_counter_ops,2
GL_HP_image_transform,2
GL_EXT_polygon_offset,2
GL_S3_s3tc,2
GL_NV_video_capture,2
GL_ARB_stencil_texturing,2
GL_NV_gpu_program5,2
GL_INTEL_parallel_arrays,2
GL_EXT_texture,2
2006-2010,2
GL_SGIX_list_priority,2
\Software,\,2
GL_ATI_texture_mirror_once,2
GL_ATIX_point_sprites,2
GL_NV_internalformat_sample_query,2
\specified,\,2
GL_VERSION_3_3,2
WGL_EXT_pixel_format_packed_float,2
GL_ARB_shader_subroutine,2
GL_ATI_text_fragment_shader,2
GL_EXT_transform_feedback,2
3,2
entered,2
GL_EXT_multi_draw_arrays,2
GL_ARB_clear_buffer_object,2
GLX_EXT_stereo_tree,2
request,2
export,2
1999-2007,2
GL_VERSION_4_4,2
WGL_ARB_pixel_format_float,2
GL_ATI_fragment_shader,2
GL_ARB_shader_storage_buffer_object,2
GL_3DFX_texture_compression_FXT1,2
GLX_SGIX_fbconfig,2
GL_NV_parameter_buffer_object2,2
GL_EXT_blend_equation_separate,2
Altered,2
GLX_EXT_visual_rating,2
check,2
CLASS,2
GLX_ARB_fbconfig_float,2
designed,2
operation,2
GL_ARB_point_sprite,2
GL_NV_path_rendering_shared_edge,2
monitor_event,2
presence,2
GLX_ARB_create_context,2
GL_SUN_mesh_array,2
elements,2
restores,2
glfwSetInputMode,2
shapes,2
\EGL,\,2
WGL_I3D_genlock,2
GLX_SGIX_visual_select_group,2
GL_SGIX_texture_range,2
GL_ARB_framebuffer_no_attachments,2
GL_SGIX_fragment_specular_lighting,2
By,2
receives,2
WGL_EXT_make_current_read,2
7.0,2
GL_ARB_shadow,2
GL_EXT_shader_integer_mix,2
wrote,2
GL_ARB_matrix_palette,2
function__,2
path,2
GL_SGIS_pixel_texture,2
intro_init,2
glfwSetGammaRamp,2
GL_ARB_internalformat_query2,2
GL_AMD_gpu_shader_int64,2
iconify,2
termination,2
GL_EXT_compiled_vertex_array,2
GL_NVX_gpu_memory_info,2
GL_ARB_robustness_share_group_isolation,2
GLX_ARB_multisample,2
WGL_3DL_stereo_control,2
GL_ARB_vertex_program,2
\flexible,\,2
input_mouse_button,2
GL_ARB_clear_texture,2
yet,2
GL_NV_fence,2
GL_ARB_shader_atomic_counters,2
GL_ARB_texture_env_crossbar,2
GL_ARB_explicit_uniform_location,2
3-D,2
0;,2
GL_ARB_color_buffer_float,2
GL_EXT_vertex_shader,2
GL_EXT_texture_array,2
GL_APPLE_texture_range,2
\`"\C"\`\,2
GL_MESAX_texture_stack,2
Changed,2
GL_ARB_copy_image,2
GL_ARB_geometry_shader4,2
GLX_EXT_fbconfig_packed_float,2
GL_KTX_buffer_region,2
GL_ARB_multi_draw_indirect,2
blue,2
GL_NV_gpu_program5_mem_extended,2
GL_VERSION_4_3,2
GL_ATI_pn_triangles,2
GL_WIN_swap_hint,2
Each,2
Marcus,2
GL_INGR_color_clamp,2
axis,2
GL_ARB_draw_elements_base_vertex,2
wheel,2
WGL_EXT_multisample,2
limit,2
`GLXContext`,2
necessary,2
\move,\,2
scale.y;,2
GL_NV_present_video,2
GL_KHR_texture_compression_astc_hdr,2
GL_NV_evaluators,2
WGL_ARB_robustness_share_group_isolation,2
GL_ATI_shader_texture_lod,2
\maths::vec2(u0,\,2
GL_NV_vertex_program4,2
GL_ARB_sync,2
`LC_CTYPE`,2
GL_NV_compute_program5,2
GL_ARB_depth_clamp,2
windows.h,2
way,2
adapter,2
GL_3DFX_multisample,2
attribute,2
GLX_ARB_robustness_application_isolation,2
GL_NV_texgen_reflection,2
GL_IBM_static_data,2
glfwSetCharCallback),2
\framebuffer,\,2
WGL_NV_gpu_affinity,2
GL_SGI_color_matrix,2
GL_ATIX_texture_env_combine3,2
GL_ARB_instanced_arrays,2
GL_ARB_compatibility,2
glfwSetKeyCallback,2
find,2
GLX_VERSION_1_3,2
64,2
GLX_SGIX_hyperpipe,2
--------------,2
WGL_ARB_create_context_profile,2
GLX_MESA_pixmap_colormap,2
WGL_ATI_render_texture_rectangle,2
destroy,2
lack,2
GL_ARB_texture_swizzle,2
GLX_ARB_create_context_profile,2
GL_AMD_performance_monitor,2
WGL_NV_present_video,2
GL_ARB_compute_shader,2
GL_VERSION_4_1,2
Quit,2
GL_APPLE_vertex_program_evaluators,2
`GLFW_CURSOR_NORMAL`,2
GL_EXT_light_texture,2
interested,2
GL_EXT_histogram,2
GL_HP_convolution_border_modes,2
granted,2
GL_ARB_shadow_ambient,2
GL_ARB_compute_variable_group_size,2
GL_ANGLE_framebuffer_multisample,2
otherwise,2
WGL_I3D_image_buffer,2
report,2
DETACH,2
GLX_OML_swap_method,2
FUNCTIONS,2
GL_ARB_sampler_objects,2
GL_EXT_texture3D,2
GLX_NV_vertex_array_range,2
GL,2
GL_SGIS_texture_select,2
_vertical,2
GL_EXT_multisample,2
GL_NV_blend_square,2
green,2
Berglund,2
GL_ARB_texture_stencil8,2
GL_ARB_texture_rectangle,2
GL_WIN_phong_shading,2
i++){,2
misrepresented,2
GL_NV_half_float,2
iconify/restore,2
\present,\,2
[compile-time,2
point,2
GL_EXT_cmyka,2
Need,2
done,2
GL_SGIS_color_range,2
`Display`,2
damages,2
processes,2
GL_AMD_query_buffer_object,2
These,2
GL_ARB_multisample,2
made,2
element,2
succeeds,2
GL_ARB_bindless_texture,2
going,2
GL_APPLE_vertex_array_object,2
GL_NV_framebuffer_multisample_coverage,2
tracker](https://github.com/glfw/glfw/issues),2
depending,2
GL_NV_gpu_program4,2
choice,2
GL_ARB_vertex_shader,2
GL_ARB_texture_query_lod,2
try,2
errors,2
GL_ARB_transform_feedback_instanced,2
GL_ARB_texture_mirrored_repeat,2
GL_APPLE_aux_depth_stencil,2
GL_ATI_map_object_buffer,2
Characters,2
\current,\,2
GL_ARB_texture_cube_map_array,2
requesting,2
GL_ARB_indirect_parameters,2
GLX_EXT_create_context_es_profile,2
sufficiently,2
GL_AMD_shader_stencil_value_export,2
axes,2
GL_ANGLE_timer_query,2
GL_ARB_ES3_1_compatibility,2
monitor_modes,2
GL_NV_packed_depth_stencil,2
GL_ARB_fragment_program_shadow,2
GL_MESA_resize_buffers,2
GL_ARB_texture_query_levels,2
GL_NV_gpu_shader5,2
GL_APPLE_ycbcr_422,2
downgrade,2
GLX_SUN_video_resize,2
GL_ARB_pipeline_statistics_query,2
GLX_SGIS_blended_overlay,2
GL_SUN_global_alpha,2
glfwGetVersion,2
GL_ARB_imaging,2
fail,2
GLX_MESA_swap_control,2
window_userptr,2
WGL_ARB_create_context_robustness,2
GL_ARB_multi_bind,2
maximum,2
marked,2
GL_ARB_vertex_buffer_object,2
GLX_VERSION_1_4,2
256,2
GL_EXT_shader_image_load_formatted,2
GL_ANGLE_program_binary,2
GL_NV_sample_locations,2
GL_NV_bindless_multi_draw_indirect,2
GL_APPLE_flush_buffer_range,2
GL_ARB_texture_non_power_of_two,2
uses,2
GL_SGIX_vertex_preclip_hint,2
GL_SUN_convolution_border_modes,2
About,2
GL_SGIX_texture_add_env,2
bundle's,2
GL_EXT_shadow_funcs,2
GL_AMD_vertex_shader_layer,2
window_creation,2
GL_ARB_texture_buffer_object,2
WGL_ARB_render_texture,2
GL_MESA_window_pos,2
GL_ARB_texture_view,2
They,2
GL_EXT_texture_sRGB,2
GL_EXT_x11_sync_object,2
GL_ATI_vertex_array_object,2
codepoint,2
GL_EXT_gpu_program_parameters,2
leaving,2
GL_ARB_buffer_storage,2
GL_INGR_interlace_read,2
`double`,2
glfwGetKey,2
certain,2
GLX_ARB_robustness_share_group_isolation,2
GL_OES_single_precision,2
GLX_NV_float_buffer,2
glfwSetKeyCallback),2
allowed,2
GL_NV_depth_buffer_float,2
GL_ARB_transpose_matrix,2
loss,2
GL_ARB_vertex_type_2_10_10_10_rev,2
GLX_EXT_visual_info,2
macro,2
\input,\,2
origin,2
GL_NV_parameter_buffer_object,2
<elmindreda@elmindreda.org>,2
2,2
Like,2
GL_ARB_map_buffer_alignment,2
window_refresh),2
categories,2
GL_EXT_secondary_color,2
GL_ARB_texture_env_dot3,2
input_key,2
GL_APPLE_client_storage,2
GL_NV_occlusion_query,2
GL_ARB_invalidate_subdata,2
drivers,2
GLX_NV_copy_image,2
GL_VERSION_1_1,2
GL_SGIS_multisample,2
GL_NV_vertex_buffer_unified_memory,2
unconstrained,2
GL_ARB_texture_multisample,2
GL_EXT_shader_image_load_store,2
[error,2
GL_ARB_texture_rg,2
printable,2
\initialized,\,2
GL_VERSION_4_0,2
GLX_VERSION_1_2,2
[hard,2
GL_ATI_texture_env_combine3,2
GL_ARB_fragment_coord_conventions,2
GL_EXT_stencil_clear_tag,2
GLEW_BUILD,2
glfwSetFramebufferSizeCallback,2
\applications,\,2
GL_ARB_shader_stencil_export,2
limited,2
context_glext,2
WGL,2
GL_ARB_shading_language_include,2
express,2
vertical,2
WGL_NV_swap_group,2
GL_EXT_geometry_shader4,2
deals,2
GL_ARB_robustness_application_isolation,2
GL_NV_vertex_program2,2
GL_NV_sample_mask_override_coverage,2
GL_KHR_robust_buffer_access_behavior,2
WGL_NV_copy_image,2
GL_ARB_shader_image_load_store,2
nanoseconds,2
GL_GREMEDY_string_marker,2
misrepresented;,2
screen_,2
GL_SGIX_texture_lod_bias,2
GL_EXT_texture_env_combine,2
\purpose,\,2
GL_ARB_occlusion_query,2
altered,2
GLX_AMD_gpu_association,2
GL_NV_vertex_program1_1,2
GL_REGAL_proc_address,2
GL_ARB_shading_language_100,2
GL_ARB_fragment_shader,2
WGL_I3D_swap_frame_usage,2
GL_ANGLE_texture_compression_dxt1,2
GL_AMD_shader_stencil_export,2
GL_ARB_shader_bit_encoding,2
GL_NV_point_sprite,2
there,2
stdint.h,2
GL_EXT_separate_shader_objects,2
WGL_EXT_swap_control_tear,2
Most,2
WGL_NV_render_texture_rectangle,2
GL_EXT_texture_compression_dxt1,2
GL_VERSION_1_2,2
WGL_ARB_extensions_string,2
GL_NV_texture_shader,2
\fails,\,2
redraw,2
directory,2
GL_WIN_specular_fog,2
[keyboard,2
\exist,\,2
GL_EXT_fragment_lighting,2
GL_SGIX_convolution_accuracy,2
allocation,2
GL_OML_subsample,2
GL_NV_draw_texture,2
human-readable,2
>,2
newly,2
GL_NV_vertex_array_range,2
GL_AMD_conservative_depth,2
GL_VERSION_3_2,2
GL_ARB_direct_state_access,2
GL_EXT_framebuffer_multisample_blit_scaled,2
GL_APPLE_vertex_array_range,2
tokens](@ref,2
GL_EXT_scene_marker,2
invisible,2
GL_KHR_blend_equation_advanced,2
y0,2
GL_EXT_blend_subtract,2
GL_NV_float_buffer,2
GL_EXT_vertex_array,2
GLX_ATI_render_texture,2
operations,2
GLX_NV_copy_buffer,2
GL_ARB_texture_border_clamp,2
GL_SGIX_flush_raster,2
maths::vec3&,2
GL_EXT_blend_minmax,2
GL_ARB_sample_shading,2
GL_EXT_draw_buffers2,2
hand,2
GL_SGIX_ycrcb,2
GL_OES_byte_coordinates,2
GL_AMD_vertex_shader_viewport_index,2
GL_VERSION_2_0,2
WGL_EXT_depth_float,2
GL_SGIX_tag_sample_buffer,2
GL_ARB_clip_control,2
GLX_EXT_swap_control,2
arranged,2
GL_EXT_texture_swizzle,2
GL_APPLE_rgb_422,2
GL_APPLE_float_pixels,2
controls,2
window_hints_wnd),2
constraints](@ref,2
WGL_EXT_pixel_format,2
WGL_NV_vertex_array_range,2
options,2
category,2
GL_NV_transform_feedback,2
few,2
GL_EXT_blend_color,2
@name,2
v1);,2
GL_REGAL_error_string,2
WGL_NV_multisample_coverage,2
GL_EXT_Cg_shader,2
GL_APPLE_object_purgeable,2
PAUL,2
GL_EXT_texture_filter_minmax,2
GL_ARB_compressed_texture_pixel_storage,2
GL_SGIX_resample,2
GL_ARB_texture_env_combine,2
GL_EXT_texture_env,2
\characters,\,2
appreciated,2
GL_SGIX_texture_scale_bias,2
\HashMap<String,\,2
GL_KHR_debug,2
GL_SGIS_point_line_texgen,2
GL_KHR_robustness,2
GLX,2
GL_ANGLE_texture_usage,2
GL_ARB_base_instance,2
GL_ARB_cull_distance,2
\returns,\,2
threading,2
swapping,2
GL_ATI_separate_stencil,2
GL_NV_fill_rectangle,2
GL_EXT_polygon_offset_clamp,2
GL_ARB_shader_texture_image_samples,2
WGL_NV_video_capture,2
GL_KHR_texture_compression_astc_ldr,2
GL_EXT_index_material,2
enable,2
WGL_EXT_extensions_string,2
GL_EXT_texture_snorm,2
GL_NV_fragment_program2,2
GL_ARB_depth_buffer_float,2
GLX_EXT_texture_from_pixmap,2
GL_IBM_rasterpos_clip,2
warranty,2
GL_EXT_pixel_transform,2
over,2
GL_REGAL_enable,2
GL_REGAL_ES1_0_compatibility,2
`NSOpenGLContext`,2
implied,2
GL_EXT_pixel_buffer_object,2
WGL_I3D_digital_video_control,2
GL_SUN_slice_accum,2
GL_SGIX_fog_texture,2
GL_ANGLE_instanced_arrays,2
GL_ARB_vertex_attrib_binding,2
empty,2
are:,2
GL_ARB_gpu_shader_fp64,2
WGL_EXT_swap_control,2
WGL_NV_DX_interop,2
GL_SGIS_fog_function,2
GL_AMD_draw_buffers_blend,2
GL_ANGLE_texture_compression_dxt5,2
GL_ARB_cl_event,2
key](@ref,2
\Otherwise,\,2
GL_ARB_robust_buffer_access_behavior,2
GL_EXT_draw_range_elements,2
GL_ATIX_vertex_shader_output_point_size,2
GLX_ATI_pixel_format_float,2
GL_ARB_derivative_control,2
GL_EXT_raster_multisample,2
WGL_ARB_pixel_format,2
glfwCreateWindow,2
y-coordinate,2
GLX_SGI_cushion,2
GL_SGIX_clipmap,2
GL_SGIX_shadow,2
GL_AMD_interleaved_elements,2
GL_NV_vertex_program,2
GLX_EXT_swap_control_tear,2
\1.0f,\,2
GL_KHR_blend_equation_advanced_coherent,2
GL_INTEL_fragment_shader_ordering,2
GL_AMD_vertex_shader_tessellator,2
GLX_VERSION_1_1,2
GL_ARB_texture_env_add,2
front,2
Blending,2
authors,2
`GLFW_REPEAT`,2
GL_AMD_gcn_shader,2
GLX_EXT_buffer_age,2
searches,2
GLX_ARB_vertex_buffer_object,2
GLX_NV_delay_before_swap,2
implementing,2
No,2
Nvidia,2
glfwGetWindowAttrib,2
GL_NV_framebuffer_mixed_samples,2
GL_EXT_paletted_texture,2
GL_EXT_vertex_array_bgra,2
GL_ATI_texture_float,2
GL_EXT_clip_volume_hint,2
GL_VERSION_1_3,2
placement,2
GL_EXT_shared_texture_palette,2
GL_SGIS_generate_mipmap,2
GL_APPLE_specular_vector,2
GL_NV_multisample_filter_hint,2
`EGLSurface`,2
_WIN32,2
Destroys,2
GL_NV_bindless_texture,2
commercial,2
There,2
press,2
behaves,2
\"\Software"\),\,2
GL_EXT_misc_attribute,2
disable,2
bits,2
GL_NV_shader_buffer_load,2
GLX_EXT_framebuffer_sRGB,2
GL_ARB_vertex_blend,2
drawString(const,2
GL_EXT_texture_integer,2
able,2
our,2
future,2
threads,2
GL_EXT_convolution,2
SYSTEM/COMPILER,2
GL_ARB_blend_func_extended,2
GL_OML_interlace,2
GL_ARB_shader_draw_parameters,2
GL_ARB_seamless_cubemap_per_texture,2
GL_NV_copy_depth_to_color,2
GL_VERSION_1_2_1,2
GL_EXT_copy_texture,2
GL_AMD_sparse_texture,2
GL_ATI_element_array,2
Unless,2
GL_SGIX_blend_alpha_minmax,2
GL_ARB_transform_feedback2,2
GL_NV_geometry_shader_passthrough,2
GLX_ARB_create_context_robustness,2
GL_ARB_robustness,2
`EGLDisplay`,2
glfwSetCursor,2
GL_SGIX_vertex_preclip,2
GL_ATI_vertex_attrib_array_object,2
GL_ARB_shader_image_size,2
GL_SGIS_sharpen_texture,2
anyone,2
outside,2
GL_SGIX_async_histogram,2
GL_ARB_program_interface_query,2
GL_INTEL_map_texture,2
GL_OES_compressed_paletted_texture,2
GL_NV_shader_thread_group,2
Brian,2
----------------------------------,2
When,2
GL_NV_light_max_exponent,2
GL_HP_occlusion_test,2
GL_EXT_gpu_shader4,2
GL_ARB_texture_compression_rgtc,2
GLX_SUN_get_transparent_index,2
button](@ref,2
GL_SGIX_framezoom,2
wchar_t,2
window_hide,2
GL_ARB_internalformat_query,2
glfwGetClipboardString,2
GL_OES_read_format,2
WGL_EXT_framebuffer_sRGB,2
GL_ARB_draw_instanced,2
GL_NV_texture_shader2,2
HELPER,2
tell,2
WGL_EXT_pbuffer,2
GL_ARB_point_parameters,2
GLX_EXT_import_context,2
GL_KHR_context_flush_control,2
red,2
sometimes,2
GL_SGI_texture_color_table,2
GLX_OML_sync_control,2
WGL_OML_sync_control,2
inform,2
GLX_NV_present_video,2
GL_NV_copy_image,2
\queue,\,2
GL_EXT_texture_compression_s3tc,2
includes,2
GL_SGIX_depth_texture,2
GL_EXT_debug_label,2
2.1,2
remains,2
GL_SGIX_pixel_texture_bits,2
removed,2
GL_NV_texture_shader3,2
GL_NV_fragment_program_option,2
GL_ARB_seamless_cube_map,2
`CGDirectDisplayID`,2
Doxygen,2
GL_SGIX_async,2
negative,2
2.2,2
GL_VERSION_1_5,2
GL_EXT_pixel_transform_color_table,2
GL_EXT_depth_bounds_test,2
v0);,2
GL_AMD_blend_minmax_factor,2
GL_EXT_bgra,2
GL_IBM_multimode_draw_arrays,2
GL_ARB_separate_shader_objects,2
GL_NV_shader_atomic_float,2
GL_EXT_texture_buffer_object,2
GLX_SGIS_multisample,2
GLX_SGIX_pbuffer,2
WGL_NV_render_depth_texture,2
GL_ARB_half_float_vertex,2
GL_ARB_texture_barrier,2
glfwSetMouseButtonCallback,2
GL_ATI_vertex_streams,2
GL_NV_fragment_program4,2
causing,2
GLX_ARB_context_flush_control,2
WGL_EXT_display_color_table,2
GL_REGAL_extension_query,2
glfwDestroyCursor,2
`RROutput`,2
GL_NV_shader_thread_shuffle,2
GL_EXT_post_depth_coverage,2
I-beam,2
GL_3DFX_tbuffer,2
\such,\,2
GL_EXT_index_array_formats,2
buffer_swap,2
`HWND`,2
GL_APPLE_fence,2
GL_NV_conditional_render,2
GL_EXT_framebuffer_object,2
GL_EXT_texture_edge_clamp,2
1,2
Version:,2
GL_ARB_texture_rgb10_a2ui,2
Super,2
GL_EXT_framebuffer_sRGB,2
GL_OML_resample,2
\used,\,2
provide,2
GL_ARB_shader_texture_lod,2
GLX_3DFX_multisample,2
\available,\,2
GL_VERSION_1_4,2
\freely,\,2
GL_EXT_point_parameters,2
GL_NVX_conditional_render,2
horizontal,2
GL_NV_viewport_array2,2
GL_NV_uniform_buffer_unified_memory,2
GL_MESA_pack_invert,2
GL_PGI_vertex_hints,2
GL_EXT_texture_sRGB_decode,2
fast,2
`Window`,2
Developer,2
GL_EXT_texture_compression_latc,2
\product,\,2
Report,2
GL_NV_vdpau_interop,2
GL_ARB_occlusion_query2,2
GL_ARB_arrays_of_arrays,2
GL_EXT_subtexture,2
glfwSwapInterval,2
GL_AMD_texture_texture4,2
enum,2
GL_ARB_ES2_compatibility,2
GL_EXT_packed_pixels,2
GL_SGIX_sprite,2
exits,2
GL_EXT_bindable_uniform,2
IMAGE,2
flush,2
GL_ARB_texture_float,2
GL_ARB_copy_buffer,2
GLX_EXT_create_context_es2_profile,2
\default,\,2
touchpad,2
GL_NV_texture_env_combine4,2
GL_EXT_blend_func_separate,2
GL_ARB_texture_storage,2
GL_NV_path_rendering,2
WGL_ARB_robustness_application_isolation,2
GL_AMD_depth_clamp_separate,2
Fix,2
glfwDestroyWindow,2
kerning,2
Camilla,2
enter/leave,2
GL_EXT_abgr,2
GL_NV_depth_range_unclamped,2
GL_NV_fog_distance,2
GL_APPLE_row_bytes,2
GL_EXT_texture_filter_anisotropic,2
GL_ARB_depth_texture,2
GL_SGIS_texture_border_clamp,2
given,2
GLX_SGIX_video_resize,2
user-generated,2
GL_EXT_stencil_two_side,2
GL_ARB_map_buffer_range,2
underlying,2
GL_SGI_color_table,2
unavailable,2
GL_ARB_texture_mirror_clamp_to_edge,2
points,2
\name,\,2
GL_SGIX_interlace,2
GL_EXT_rescale_normal,2
GL_NV_texture_multisample,2
window_hints_hard),2
GPU,2
GL_ARB_vertex_attrib_64bit,2
\iconified,\,2
GL_EXT_texture_perturb_normal,2
`RRCrtc`,2
glfwWindowHint,2
GL_GREMEDY_frame_terminator,2
GL_EXT_vertex_weighting,2
WGL_ATI_pixel_format_float,2
GL_AMD_sample_positions,2
GL_NV_deep_texture3D,2
GL_EXT_provoking_vertex,2
GL_NV_blend_equation_advanced_coherent,2
GL_EXT_vertex_attrib_64bit,2
GLX_MESA_query_renderer,2
GL_NV_geometry_shader4,2
integer,2
\y0,\,2
GL_EXT_packed_float,2
WGL_ARB_framebuffer_sRGB,2
\maths::vec3(x0,\,2
GL_NV_gpu_program_fp64,2
actual,2
GL_SUN_vertex,2
glfwExtensionSupported,2
GL_EXT_direct_state_access,2
\released,\,2
compile_options_osx),2
GL_NV_conservative_raster,2
GL_NV_fragment_program,2
GL_NV_vertex_attrib_integer_64bit,2
GLX_SGIX_swap_group,2
GL_PGI_misc_hints,2
GL_NV_fragment_shader_interlock,2
specifically,2
GL_ARB_shader_group_vote,2
GL_AMD_transform_feedback4,2
GL_ARB_sparse_texture,2
GLX_MESA_set_3dfx_mode,2
GL_REGAL_log,2
GL_NV_shader_atomic_fp16_vector,2
GL_ARB_get_program_binary,2
`NSWindow`,2
WGL_NV_delay_before_swap,2
GL_APPLE_transform_hint,2
x0,2
GL_ARB_texture_cube_map,2
intro_version,2
WGL_ARB_make_current_read,2
<winnt.h>,2
GL_ARB_enhanced_layouts,2
*------------------------------------------------------------------------,2
GL_EXT_cull_vertex,2
WGL_ARB_create_context,2
block,2
GL_VERSION_3_1,2
\processed,\,2
bottom,2
\dependent,\,2
same,2
GL_HP_texture_lighting,2
fix,2
GL_VERSION_3_0,2
GL_NV_shader_atomic_counters,2
GL_ARB_vertex_type_10f_11f_11f_rev,2
tokens,2
GL_NV_blend_equation_advanced,2
WGL_NV_DX_interop2,2
GL_NV_shader_storage_buffer_object,2
redistribute,2
WGL_3DFX_multisample,2
GLX_MESA_agp_offset,2
GL_ANGLE_depth_texture,2
GL_INTEL_performance_query,2
manager,2
GL_ARB_conservative_depth,2
GL_ARB_timer_query,2
Mac,2
non-US,2
GLX_MESA_release_buffers,2
GL_NV_vertex_program3,2
GLX_MESA_copy_sub_buffer,2
GL_NV_transform_feedback2,2
\maths::vec3(x1,\,2
starting,2
context_current,2
GL_ARB_fragment_layer_viewport,2
GL_AMD_transform_feedback3_lines_triangles,2
wait,2
GL_SGIX_shadow_ambient,2
GL_EXT_texture_cube_map,2
GL_REND_screen_coordinates,2
glfwSetWindowFocusCallback),2
GL_ARB_conditional_render_inverted,2
input_char,2
GL_ARB_framebuffer_object,2
GL_ARB_shader_objects,2
input_mouse_button),1
contains,1
parse,1
Printable,1
accurately,1
color,1
\inttypes.h,\,1
Iconifies,1
rgb);,1
`EGL_NO_DISPLAY`,1
`GLFW_EXPOSE_NATIVE_GLX`,1
Functions,1
little,1
libraries,1
non-alphanumeric,1
forcing,1
(int,1
Joysticks,1
selects,1
6;,1
glyph->s1;,1
m_IndexCount,1
glyph->height,1
defaults,1
extension](@ref,1
faces;,1
\synchronization_,\,1
`glfwSetMousePos`,1
std::vector&,1
__wglew_h__,1
Very,1
since,1
1.1,1
something,1
mechanism,1
arrives,1
small,1
1.0f);,1
don't,1
context_sharing,1
\texture_glyph_get_kerning(glyph,\,1
pretty,1
Waits,1
cursor_mode),1
y1,1
\redrawn,\,1
enters,1
glyph->t1;,1
`glfwSetMousePosCallback`,1
NSGL,1
highest-resolution,1
v0,1
\handles,\,1
recalculateBoundingBox();,1
mapping,1
glfwGetVersionString,1
v1.12_,1
`GLFW_DISCONNECTED`,1
------------------------------------------------------------------------,1
processed,1
\events,\,1
exist,1
Key,1
c);,1
continues,1
glyph->offset_y,1
case,1
bool,1
\"\WORLD_x"\\,1
attribute](@ref,1
GLEWContextStruct,1
TEXTURE,1
Check,1
_targets_,1
refreshed,1
applied,1
Material>();,1
System,1
-------------------------------,1
(minimizes),1
y-axis,1
`glfwDisable`,1
located,1
SGI,1
Video,1
measures,1
\"\font.h"\\,1
removes,1
glfwSetWindowSize,1
trigger,1
synchronization_,1
32-bit,1
declarations,1
implicitly,1
GLFW_VERSION_UNAVAILABLE,1
elapsed,1
glfwSetCursorPos,1
\glClearColor(0.0f,\,1
prevent,1
Image,1
rounding,1
pre-installed,1
window_attribs,1
buffer_swap),1
10.10,1
long,1
2004-01-04),1
\major,\,1
[position](@ref,1
just,1
non-existent,1
\seconds,\,1
`Contents/Resources`,1
[EDID](https://en.wikipedia.org/wiki/Extended_display_identification_data),1
Due,1
`GLFW_KEY_UNKNOWN`,1
\rate,\,1
environment's,1
C++,1
maths::vec2&,1
\threads,\,1
frequently,1
glfwSetClipboardString,1
[show](@ref,1
crossing,1
Y-axis,1
\glfwSetTime,\,1
Color,1
`glfwSetMouseWheelCallback`,1
glyph->offset_x,1
(unless,1
Initialize,1
they,1
ways,1
break;,1
\glfw3native.h,\,1
gained,1
CPU,1
window_refresh,1
flags,1
parameters,1
alpha-numeric,1
EDID,1
swapped,1
-1.0,1
non-current,1
Names,1
pointers,1
(Command),1
brevity),1
const;,1
displays,1
\now,\,1
Standard,1
[joystick,1
result,1
flush();,1
model,1
inspired,1
glfwGetWindowUserPointer,1
means,1
GLFW_DLL,1
`GLX_EXT_swap_control_tear`,1
\hints,\,1
<stddef.h>,1
`share`,1
glfwGetCurrentContext,1
queued,1
`glfwOpenWindow`,1
[default,1
`kCGNullDirectDisplay`,1
added,1
unknown,1
glfwGetMouseButton,1
__glew_h__,1
\Aero,\,1
glfwSetWindowCloseCallback,1
window_attribs),1
unique,1
widget,1
cover,1
\succeeds,\,1
==,1
\glfwDefaultWindowHints,\,1
awsomely,1
\"\Audio/sound_manager.h"\\,1
non-printable,1
confuse,1
\53-60),\,1
equivalents,1
retained,1
\glfwCreateWindow,\,1
\axis,\,1
`GLFW_EXPOSE_NATIVE_COCOA`,1
transparently,1
require,1
glfwGetWindowPos,1
affecting,1
deep,1
\Hide,\,1
code](@ref,1
storing,1
Tarolli,1
moment,1
joysticks,1
Below,1
failure,1
movement,1
Microsoft,1
unbounded,1
focused,1
\event,\,1
workaround,1
amounts,1
Note,1
rendered,1
\shapes),\,1
unlimited,1
detached,1
glfwDefaultWindowHints,1
OPTIMIZING,1
sleep,1
_USB,1
creation](@ref,1
addresses,1
Control,1
`Info.plist`,1
running,1
3376260,1
window_windowed_full_screen,1
[GLFW_VISIBLE](@ref,1
\versions,\,1
terminates,1
sorted,1
HID,1
good,1
handles,1
public,1
joystick_button,1
reflects,1
little-endian,1
pick,1
Usage,1
GLFWAPI,1
compile,1
subdirectory,1
lines_,1
Guide](https://developer.apple.com/library/mac/documentation/CoreFoundation/Conceptual/CFBundles/),1
Monitor,1
\"\TileLayer.h"\\,1
if(m_TextureSlots[i],1
correctly,1
<windows.h>,1
glfwSetWindowPos,1
restore,1
late,1
256-element,1
(by,1
\tearing,\,1
swaps,1
errors),1
converts,1
choose,1
scale,1
system-specific,1
glfwSetWindowSizeCallback,1
CALLBACK,1
\glfwSetClipboardString,\,1
C,1
triggered,1
Code,1
honor,1
Since,1
BEGIN,1
glfwSetWindowShouldClose,1
Always,1
\parameter,\,1
window_hints_values),1
vs,1
shapes](@ref,1
naming,1
\,\,1
clear,1
AMD,1
pending,1
\far,\,1
begin();,1
\`GL_KHR_context_flush_control`,\,1
`GLFW_EXPOSE_NATIVE_WGL`,1
\error,\,1
\(mem,\,1
Add,1
\bundles,\,1
true;,1
Compiler-,1
boundary,1
\call,\,1
values](@ref,1
glfw3.h,1
Compiz,1
hints),1
through,1
preprocessor,1
covered,1
glfwSetCharModsCallback,1
\`GLFW_KEY_UNKNOWN`,\,1
\values,\,1
Keyboard,1
own,1
switches,1
sent,1
\code,\,1
xhot,1
_glfw3_h_,1
attrib,1
9,1
Future,1
less,1
danger,1
!=,1
grabs,1
Material>,1
m_TextureSlots.size();,1
__glxew_h__,1
`EGL_NO_SURFACE`,1
vsync,1
Mouse,1
closely,1
@note,1
<ctype.h>,1
`GLFW_CONNECTED`,1
\APIENTRY,\,1
\Windows,\,1
Scancodes,1
m_BoundingBox;,1
independent,1
attributes,1
restrict,1
large,1
END,1
_borderless,1
Assembly,1
depths,1
particular,1
bundle,1
interface,1
_this_,1
`glfwEnable`,1
intro_version_string),1
later,1
cleanup,1
polling,1
\attribute,\,1
if(m_TextureSlots.size(),1
formats,1
glfwSetWindowPosCallback,1
Input,1
Selecting,1
enabled,1
modify,1
Terminates,1
_windowed,1
retrace,1
higher-level,1
glfwIconifyWindow,1
procname,1
nature,1
[window-related,1
instruction(SIMD),1
\"\COMMA"\,\,1
[,1
\"\R"\,\,1
32,1
position.x;,1
\types,\,1
much,1
;,1
motion,1
whereas,1
(minimized),1
window_hints_ctx),1
\"\A"\,\,1
Restores,1
Include,1
glyph->width,1
monitoring,1
selected,1
\intervals,\,1
GDI,1
3D,1
{,1
glfwRestoreWindow,1
screensaver,1
`GLFW_CURSOR_DISABLED`),1
overridden,1
\`GLFW_STICKY_KEYS`,\,1
584.5,1
Programming,1
texture_glyph_t*,1
\requested,\,1
Intel,1
mode_,1
dialog,1
Cocoa.h,1
ramps,1
string](@ref,1
BatchRenderer2D::drawString(const,1
**By,1
\GLFW_INVALID_VALUE,\,1
appropriate,1
\hint,\,1
implementations,1
current](@ref,1
becomes,1
window_pos),1
`\\.\DISPLAY1\Monitor0`),1
_3,1
T*>(vertices)[i].Pos);,1
window_size),1
depend,1
bugs,1
glfwSetWindowFocusCallback,1
backend,1
bind,1
widthMM,1
\"\BACKSPACE"\,\,1
against,1
`EGL_NO_CONTEXT`,1
glfwSetCursorPosCallback,1
mode](@ref,1
`GLFW_CURSOR_HIDDEN`,1
intro,1
\API,\,1
ISO,1
installed,1
sequential,1
\cursors,\,1
\character,\,1
\string,\,1
string__,1
glfwSetWindowRefreshCallback,1
features,1
cursor_standard),1
executable,1
Native,1
\don't,\,1
SLOW,1
minimal,1
callback),1
\title,\,1
them.**,1
shouldn't,1
\drivers,\,1
\rows,\,1
Posts,1
\"\LEFT_SQUARE_BRACKET"\,\,1
structure,1
queried,1
10<sup>9</sup>),1
font.getScale();,1
problems,1
out,1
asynchronous,1
paths,1
[swap,1
hint](@ref,1
glfwSetErrorCallback,1
switch,1
(with,1
matching,1
states,1
`key`,1
backward-compatible,1
text.length();,1
calculated,1
glfwSetDropCallback,1
customary,1
u1,1
opens,1
color){,1
7-bit,1
<gl.h>,1
glfwGetPrimaryMonitor,1
Credits,1
SSE,1
enabled),1
populated,1
replace,1
modes:,1
non-compatible,1
window_hide),1
among,1
[Bundle,1
cast,1
operates,1
Failure,1
positions,1
successful,1
specifications,1
glfwSetWindowIconifyCallback,1
2.7,1
`glfwCloseWindow`,1
\left-to-right,\,1
\1,\,1
char,1
times,1
0){,1
Resets,1
select,1
MIPSPro,1
ascending,1
1);,1
\CALLBACK,\,1
iconification,1
m_BoundingBox.addInternalPoint(reinterpret_cast<const,1
both,1
enter/exit,1
path_drop,1
move,1
dependent,1
platform-specific),1
glyph->s0;,1
Processes,1
top-left,1
Shift,1
glfwSetCharCallback,1
range),1
#1,1
re-centers,1
256+,1
management,1
controlling,1
cursor_enter,1
GLAPI,1
floor((2<sup>64</sup>,1
remain,1
\`GLFW_PRESS`,\,1
window_monitor,1
`IDI_WINLOGO`,1
ftgl;,1
`glfwGetJoystickPos`,1
settings,1
entry,1
1),1
series,1
monotonic,1
`glfwGetGLVersion`,1
clicking,1
`,1
_vsync_,1
hardware,1
`\\.\DISPLAY1`),1
resets,1
pollution,1
32){,1
\desktop,\,1
accept,1
avoid,1
glfwSetScrollCallback,1
glfwPollEvents,1
exposed,1
my,1
c,1
(usually,1
focus/defocus,1
Needed,1
glyph->advance_x,1
\bar,\,1
viewport,1
Hides,1
shape](@ref,1
\"\Graphics/font_manager.h"\\,1
Global,1
_desired,1
non-zero,1
Quake3,1
Casting,1
log,1
joystick_axis,1
users,1
generates,1
compiler,1
never,1
missing,1
Unicode:ish,1
performs,1
assert,1
(float)(m_TextureSlots.size());,1
shapes),1
glfwGetFramebufferSize,1
Client,1
dimensions,1
VBO,1
arrays,1
\order,\,1
\ramp,\,1
posts,1
m_TextureSlots.push_back(font.getID());,1
that's,1
task,1
X](https://developer.apple.com/library/mac/documentation/GraphicsAnimation/Conceptual/HighResolutionOSX/Explained/Explained.html),1
deletion,1
context_current),1
!!,1
position.y,1
<wingdi.h>,1
DPI,1
glfwGetMonitors,1
safely,1
actions,1
`NSHighResolutionCapable`,1
height),1
\callbacks,\,1
incorrect,1
Contexts,1
[size](@ref,1
respect,1
you're,1
unchanged,1
closed,1
v1,1
silently,1
\RGBA,\,1
glfwMakeContextCurrent,1
if(i,1
cache,1
\`GLFW_ICON,`\,1
\Initialization,\,1
signal,1
\,1
Guidelines,1
Keys,1
setBoundingBox(const,1
@bug,1
inclusion,1
years,1
multiple,1
\joystick,\,1
joystick),1
box);,1
[cursor,1
take,1
X-axis,1
`glfwOpenWindowHint`,1
upon,1
',1
doesn't,1
\successful,\,1
Such,1
puts,1
joystick_name,1
whatever,1
function](@ref,1
accordingly,1
compositing,1
especially,1
\"\F4"\,\,1
[version,1
assumes,1
texture_font_t*,1
control,1
micro-,1
`GLFW_EXPOSE_NATIVE_EGL`,1
gains,1
_UNIX,1
\thread,\,1
compiling,1
implementation,1
Ensure,1
getBoundingBox(),1
token,1
\glfwPollEvents,\,1
std::vector<Face>,1
xoffset,1
if(glyph,1
x1,1
font.getID()){,1
Function,1
ID:,1
window_title,1
GLXEWContextStruct,1
\user,\,1
After,1
comes,1
yoffset,1
user's,1
context_glext),1
\off-screen,\,1
reset,1
Modifier,1
glfwGetGammaRamp,1
increased,1
machines,1
solution,1
[GLFW_CONTEXT_RELEASE_BEHAVIOR](@ref,1
glfwSetWindowUserPointer,1
calculates,1
[High,1
packed,1
\Aqua,\,1
further,1
\states,\,1
[make,1
requires,1
\Additionally,\,1
std::vector<float>,1
font.getFTFont();,1
`glfwGetJoystickParam`,1
(function,1
(p,1
Resolution,1
Gary,1
implement,1
seconds,1
if(!found){,1
u0,1
glfwShowWindow,1
modern,1
IMPLEMENT,1
initializes,1
\modes,\,1
heightMM,1
pipeline,1
glext.h,1
0.0f;,1
numbers,1
did,1
follow,1
results,1
1.2,1
eight,1
works,1
attempt,1
dock,1
behaving,1
<glu.h>,1
untouched,1
iconifies,1
glfwSetCharModsCallback),1
document,1
glfwGetCursorPos,1
glyph,1
rev,1
glfwGetInputMode,1
forces,1
annoy,1
false;,1
attempted,1
hide,1
commands,1
end();,1
\image,\,1
modified,1
Sometimes,1
providing,1
\`GLFW_STICKY_MOUSE_BUTTONS`,\,1
[GLFW_RED_BITS](@ref,1
blocks,1
Additional,1
detecting,1
CREATION,1
interval](@ref,1
_GLFW_BUILD_DLL,1
glfwGetProcAddress,1
Checks,1
Swaps,1
arrive,1
LOG,1
],1
for(int,1
space,1
`glfwGetDesktopMode`,1
x-axis,1
gets,1
engine,1
@warning,1
Requesting,1
\context_glext),\,1
\icon,\,1
re-arranged,1
convertible,1
`GLFW_EXPOSE_NATIVE_X11`,1
Maths::Vec3f&,1
upper,1
override;,1
Context,1
possible,1
std::vector<float>&,1
glfwSetCursorEnterCallback,1
despite,1
`floor`,1
linking,1
dragged,1
specify,1
typically,1
depths),1
creates,1
window_hints_fb),1
Retina,1
handling](@ref,1
\texture_font_get_glyph(ftFont,\,1
Initializes,1
\version,\,1
glfwGetVideoMode,1
window_focus,1
_glfw3_native_h_,1
WGLEWContextStruct,1
differ,1
glfwGetVideoModes,1
#undef,1
Tables,1
queries,1
\initial,\,1
\GLAPIENTRY,\,1
(including,1
yhot,1
2.4,1
5.0,1
infrequently,1
Error,1
1]);,1
turn,1
attempts,1
\18446744073.0,\,1
rules:,1
leaves,1
canonically,1
managers,1
equal,1
ftFont,1
frees,1
glfwHideWindow,1
needed,1
retrieved,1
\with,\,1
\ColorUtils::fromA8R8G8B8toR8G8B8(&color,\,1
glfwSetMonitorCallback,1
contexts,1
masks](@ref,1
60,1
issue,1
#2,1
GLEWAPI,1
top-to-bottom,1
properly,1
lifetime,1
contain,1
approximately,1
[core,1
NULL){,1
\monitors,\,1
Successful,1
things,1
\"\3"\,\,1
resource,1
making,1
`glfwGetWindowParam`,1
ready,1
`glfwGetMousePos`,1
namespace,1
\unaffected,\,1
4.x,1
detach,1
WINGDIAPI,1
waits,1
FLAG,1
<windef.h>,1
error_handling,1
Solaris,1
glfwCreateStandardCursor,1
correspond,1
`WGL_EXT_swap_control_tear`,1
common,1
ignore,1
accurate,1
while,1
\restored,\,1
\Hz,\,1
(float)(i,1
4.8,1
[client,1
\library,\,1
Generates,1
text[i,1
text[i];,1
normal,1
pixels,1
`GLFW_EXPOSE_NATIVE_WIN32`,1
\system,\,1
reasons,1
harmless,1
>=,1
\bundle,\,1
overrides,1
examples,1
glyph->t0;,1
prohibited,1
\interval,\,1
GLEW,1
sum,1
caused,1
Generic,1
`GLFW_EXPOSE_NATIVE_NSGL`,1
closest,1
target,1
\buttons,\,1
